{"cameraMode":{"drawMode":0,"name":"Shaded","section":"Shading Mode"},"sceneLighting":true,"audioPlay":false,"sceneViewState":{"m_AlwaysRefresh":false,"showFog":true,"showSkybox":true,"showFlares":true,"showImageEffects":true,"showParticleSystems":true,"showVisualEffectGraphs":true,"m_FxEnabled":true},"in2DMode":false,"pivot":{"x":498.96649169921877,"y":104.70518493652344,"z":197.8958282470703},"rotation":{"x":0.2589899003505707,"y":0.0020779608748853208,"z":-0.0034076073206961157,"w":0.9662092924118042},"size":543.7731323242188,"orthographic":false}